"Dispensary","Hoodie ID","License #","Carried SKUs","SKU Count Change (since last week)","Total Monthly Sales","Address"
"Going Green Albany","13238","050-1005284C8D3","496","21% (-134)","$250k-$500k","1225 S Commercial Way SE, Albany, OR 97322, USA"
"Thur's Smoke Shop","11320","050-100697186A7","471","21% (-124)","$500k-$750k","502 SE 16th St, Pendleton, OR 97801, USA"
"Bahama Buds - Coos Bay","14714","050 10073803B80","189","37% (-112)","under $250k","1415 N BAYSHORE DR, Coos Bay, Oregon, USA"
"Nectar - Forest Grove","15041","050-1011718F505","678","14% (-106)","$250k-$500k","3331 Pacific Ave, Forest Grove, OR 97116, USA"
"Nectar - Aloha","12390","050-10150638165","704","12% (-94)","$250k-$500k","20595 SW Tualatin Valley Hwy, Beaverton, OR 97006, USA"
"Mr. Nice Guy - Lebanon - THClear","13298","050-10085557734","278","25% (-94)","under $250k","712 PARK ST, Lebanon, Oregon, USA"
"Kaleafa Cannabis Company - Oregon City","14689","050-1015536CD46","417","18% (-89)","$250k-$500k","19197 S Molalla Ave, Oregon City, OR 97045, USA"
"Herbal Remedies 2","12661","050-1005488731C","725","10% (-84)","under $250k","3940 Commercial St SE, Salem, OR 97302, USA"
"Breeze Botanicals - Gold Hill","14565","050-1000100101A","1000","7% (-80)","under $250k","315 2nd Ave, Gold Hill, OR 97525, USA"
"The Canna Shoppe - Anchor Way","masterauto1688156536150","Unspecified","210","26% (-74)","under $250k","925 N Anchor Way, Portland, OR 97217, USA"
"Chalice Farms - Tigard","15283","050-10079919CD9","668","10% (-72)","$250k-$500k","16735 SW PACIFIC HWY, Portland, Oregon, USA"
"Today's Herbal Choice - Tillamook","20966","050-101187459CB","234","24% (-72)","under $250k","2180 Larson Rd, Tillamook, OR 97141, USA"
"Nectar - Salem Commercial","masterauto1650290157043","050-101677217E8","622","10% (-70)","under $250k","3514 Commercial St SE, Salem, OR 97302, USA"
"Old School Bliss","masterauto1625664489938","050 1012077A338","240","23% (-70)","under $250k","2090 Olympic St unit D, Springfield, OR 97477, USA"
"Nectar - Ontario 1st St","masterauto1656006708031","050-101382780CF","590","10% (-66)","$250k-$500k","1200 SE 1st St, Ontario, OR 97914, USA"
"Ripped City Greenz","masterauto1656082525278","Unspecified","440","13% (-64)","under $250k","15591 SE McLoughlin Blvd, Milwaukie, OR 97267, USA"
"Kaleafa Cannabis Company - Gresham","12682","050-10051364EB2","382","14% (-64)","$250k-$500k","1450 SE Orient Dr, Gresham, OR 97080, USA"
"Amazon Organics","11142","050-1000628466D","1002","6% (-62)","under $250k","3443 Hilyard St F, Eugene, OR 97405, USA"
"Nectar - Hillsboro","20965","050-1015130EFE0","698","8% (-62)","$250k-$500k","1180 SE 13th Ave, Hillsboro, OR 97123, USA"
"Nectar - Beaverton Allen","11650","Unspecified","788","7% (-60)","$250k-$500k","14195 SW Allen Blvd, Beaverton, OR 97005, USA"
"Top Shelf Medicine - Bend","15313","050-1003951867F","482","11% (-60)","under $250k","815 NE Greenwood Ave, Bend, OR 97701, USA"
"Oregrown - Portland","10858","050 10084944C37","473","11% (-60)","under $250k","The Eiger Building, 111 NE 12th Ave, Portland, OR 97232, USA"
"Gnome Grown - St. Helen","masterauto1629814000730","#050-1012848DB9F","387","13% (-60)","under $250k","100 St Helens St, St Helens, OR 97051, USA"
"Electric Lettuce - Damascus","13972","050 10086554F25","292","17% (-59)","under $250k","15252 OR-224 Suite B, Damascus, OR 97015, USA"
"Cannabis and Glass - Ontario","15348","050-10127857D22","390","13% (-58)","$500k-$750k","182 East Ln, Ontario, OR 97914, USA"
"Lemonnade - St John's","12042","050 10031851212","390","13% (-56)","under $250k","8105 N Fessenden St, Portland, OR 97203, USA"
"Mindrite Dispensary","14316","050-10036766B3B","526","9% (-54)","under $250k","1780 NW Marshall St, Portland, OR 97209, USA"
"Going Green Sweet Home","14059","050-10069997015","572","8% (-52)","under $250k","925 Main St, Sweet Home, OR 97386, USA"
"Mr. Nice Guy - Waldport","11733","050-10010057BC0","220","19% (-52)","under $250k","220 OR-34, Waldport, Oregon, USA"
"Knotty Leaves","18102","050 1004837AEEB","522","9% (-50)","under $250k","769 N Main St Suite C, Independence, OR 97351, USA"
"Cannabis Nation - Gresham","13418","050-10020141411","398","11% (-50)","$250k-$500k","1500 NE Division St, Gresham, OR 97030, USA"
"Deep Roots Cannabis","12235","10004923B1AA","398","11% (-48)","under $250k","2155 Olympic St, Springfield, OR 97477, USA"
"Nectar - Gresham 162nd","masterauto1647530415266","Unspecified","632","7% (-46)","under $250k","407 SE 162nd Ave, Portland, OR 97233, USA"
"Truth Dispensary - Center
","15543","050-100674091C2","1072","4% (-44)","under $250k","2345 Center St NE, Salem, OR 97301, USA"
"Truth Dispensary - Lancaster","14262","050 10103753D2B","918","5% (-44)","$250k-$500k","1735 Lancaster Dr NE, Salem, OR 97305, USA"
"Redbarn Dispensary - Roseburg","15014","050 10116104A8C","598","7% (-44)","under $250k","1810 NE Stephens St, Roseburg, OR 97470, USA"
"Fyre of Bend","19591","050-101153999FB","582","7% (-44)","$500k-$750k","2650 NE Division St, Bend, OR 97703, USA"
"Kind Leaf- Pendleton","11615","050-10053577FB7","279","13% (-43)","under $250k","1733 SW Court Ave, Pendleton, OR 97801, USA"
"Substance - Cottage Grove","masterauto1660170438612","050-1016174005F","1076","4% (-42)","under $250k","2715 Row River Rd Suite A, Cottage Grove, OR 97424, USA"
"Top Crop - Ontario","14352","050-10139850F54","798","5% (-42)","$1.25M-$1.5M","297 SE 10th St, Ontario, OR 97914, USA"
"Nectar - Beaverton Hall","13026","050-1003305612E","762","5% (-42)","$250k-$500k","8705 SW Hall Blvd, Beaverton, OR 97008, USA"
"Nectar - Sandy","10003","050-10001759551","672","6% (-42)","under $250k","3350 NE Sandy Blvd, Portland, OR 97232, USA"
"Nectar - Tillamook","10137","050-1003307ED92","568","7% (-42)","under $250k","575 Main Ave, Tillamook, OR 97141, USA"
"Canna Bros. - Newberg","10255","050-10032789CAF","380","10% (-42)","under $250k","2316 Portland Rd c2, Newberg, OR 97132, USA"
"Mr. Nice Guy - Market St Salem","12663","050-1008335A9E3","282","13% (-42)","under $250k","2794 MARKET ST NE, Salem, Oregon, USA"
"Pioneer Cannabis Co.","12410","050-1010879025E","716","5% (-40)","under $250k","141 SE 5th St, Madras, OR 97741, USA"
"Cookies - Halsey","masterauto1629305276747","050-10128018F70","596","6% (-38)","under $250k","16102 NE Halsey St , Portland, Oregon, USA"
"The Green Front - Glisan","14317","050-100236001BA","496","7% (-38)","under $250k","6834 NE Glisan St, Portland, OR 97213, USA"
"Top Shelf Wellness Center - Phoenix","13478","050 1013444DEA1","272","12% (-38)","under $250k","205 N Phoenix Rd, Phoenix, OR 97535, USA"
"Pioneer Cannabis - Coos Bay","12946","1004300A56B","232","14% (-38)","under $250k","63049 US-101, Coos Bay, OR 97420, USA"
"The Bake Shop - Salem","17038","050-1010641CEDD","100","28% (-38)","under $250k","3125 Portland Rd NE B, Salem, OR 97301, USA"
"Lemonnade - PDX","12624","050-1007585AD54","686","5% (-36)","under $250k","6218 NE Columbia Blvd, Portland, OR 97218, USA"
"Jamaica Joel's","12187","050-10009611DA7","486","7% (-36)","under $250k","37 W 13th Ave #201, Eugene, OR 97401, USA"
"Five Zero Trees - Portland West","12194","050-10140556CE8","430","8% (-36)","under $250k","5336 SW Beaverton Hillsdale Hwy, Portland, OR 97221, USA"
"Natural Remedies","10051","050-10045414F9E","310","10% (-36)","under $250k","8700 SW Barbur Ct, Portland, OR 97219, USA"
"Green Mart","12358","050-10026091C87","293","11% (-36)","under $250k","12745 SW Walker Rd #100a, Beaverton, OR 97005, USA"
"Farma","13445","050-1013305B57E","282","11% (-36)","under $250k","916 SE Hawthorne Blvd, Portland, OR 97214, USA"
"Deanz Greenz - Foster","10171","050-1015964A387","176","17% (-35)","$250k-$500k","5625 SE 85th Ave, Portland, OR 97266, USA"
"Kaleafa Cannabis Company - Beaverton","11091","050-10000407C53","541","6% (-34)","under $250k","10920 SW Beaverton Hillsdale Hwy, Beaverton, OR 97005, USA"
"Top Shelf Cannabis - McMinnville","13141","Unspecified","374","8% (-34)","under $250k","353 SE Baker St, McMinnville, OR 97128, USA"
"The Herb Center - Bend","11958","050-1000391EED7","354","9% (-34)","under $250k","2205 NE Division St, Bend, OR 97701, USA"
"Dr. Jolly's","9729","050 100033994A3","340","9% (-34)","under $250k","415 SE 3rd St, Bend, OR 97702, USA"
"Oregon Bud Company - Keizer","15118","050-1000651584B","77","30% (-33)","under $250k","3450 River Rd N, Keizer, OR 97303, USA"
"HOMEGROWN - West Salem","11589","Unspecified","575","5% (-32)","under $250k","1077 Edgewater St NW, Salem, OR 97304, USA"
"The Chronic on Commercial","masterauto1679775902760","050 10226326FC2","388","8% (-32)","under $250k","3024 Commercial St SE, Salem, OR 97302, USA"
"Bridge City Collective - North Portland","12422","050-10041989EBF","204","14% (-32)","under $250k","4312 N Williams Ave, Portland, OR 97217, USA"
"Green Ridge Apothecary","10205","050 10032418898","62","34% (-32)","under $250k","106 NE 8th St, McMinnville, OR 97128, USA"
"Green Ridge - Pacific City","13274","Unspecified","18","64% (-32)","under $250k","34970 Brooten Rd, Pacific City, OR 97135, USA"
"Lemonnade - Portland","13304","050-10055695C26","998","3% (-30)","$500k-$750k","11321 SW 64th Ave, Portland, OR 97219, USA"
"High Mountain","10454","050-1004070FB52","842","3% (-30)","under $250k","2722 W 2nd St, The Dalles, OR 97058, USA"
"HOMEGROWN - Lansing","12097","Unspecified","658","4% (-30)","under $250k","1803 Lansing Ave NE, Salem, OR 97301, USA"
"Nectar - Springfield","14522","050-1009286BD03","588","5% (-30)","under $250k","3650 Main St, Springfield, OR 97478, USA"
"Today's Herbal Choice - Stayton","14823","050-10129165BBF","518","5% (-30)","under $250k","494 Wilco Rd, Stayton, OR 97383, USA"
"Mr. Nice Guy - Rockaway Beach","9703","050-100435382A3","386","7% (-30)","under $250k","656 US-101, Rockaway Beach, Oregon, USA"
"Big Foot Bud Company","9919","050-10039882706","334","8% (-30)","under $250k","109 W Main St, Molalla, OR 97038, USA"
"Local Leaf","10670","050 10002314A19","250","11% (-30)","under $250k","7625 SW Oleson Rd, Portland, OR 97223, USA"
"OG Collective Dispensary - Monmouth","11614","050-101185442C9","242","11% (-30)","under $250k","142 N Pacific Hwy W, Monmouth, OR 97361, USA"
"Papa Buds","10505","050-1006287B0C6","180","14% (-30)","under $250k","4020 SE Cesar Estrada Chavez Blvd, Portland, OR 97202, USA"
"Tetra Cannabis - Troutdale","10598","050-101114664FA","166","15% (-30)","under $250k","809 NE Harlow Rd, Troutdale, OR 97060, USA"
"Gnome Grown - Alberta","10088","050-1014882C655","158","16% (-30)","under $250k","5012 NE 28th Ave, Portland, OR 97211, USA"
"Justice Cannabis Company","masterauto1629305272770","050-1016172E2AC","1142","2% (-28)","under $250k","21558 OR-99E, Aurora, OR 97002, USA"
"Smooth Roots Dispensary - Veneta","masterauto1646414145811","10183129536","1020","3% (-28)","under $250k","25805 OR-126 b, Veneta, OR 97487, USA"
"Pendleton Cannabis","15336","050 10050472A58","808","3% (-28)","under $250k","816 Southgate, Pendleton, OR 97801, USA"
"Redbarn Dispensary - Umpqua St.","masterauto1641383629648","050 1012469940D","534","5% (-28)","under $250k","634 W Umpqua St, Roseburg, OR 97471, USA"
"Miracle Greens - Bend","10267","050 10008384059","420","6% (-28)","under $250k","905 SE 3rd St, Bend, OR 97702, USA"
"Nectar - Portland - 11th","9766","050 100456999AB","396","7% (-28)","under $250k","510 NW 11TH AVE, Portland, Oregon, USA"
"ASAP Buds - Portland","masterauto1734726189020","Unspecified","302","8% (-28)","under $250k","105 NE 8th Ave, Portland, OR 97232, USA"
"The Herb Center - Oregon City","masterauto1629814005858","050-10171352370","246","10% (-28)","under $250k","921 7th St, Oregon City, OR 97045, USA"
"Speedy Janes","12256","050-1006350ECEF","215","12% (-28)","under $250k","733 SW Dennis Ave, Hillsboro, OR 97123, USA"
"Mr. Nice Guy - Medford JACKSON","12072","05-10001DB871D","171","14% (-28)","under $250k","609 E JACKSON ST, Medford, Oregon, USA"
"The People's Wellness Center","14484","050-10049104CFE","276","9% (-27)","under $250k","71 Centennial Loop Suite B, Eugene, OR 97401, USA"
"Substance - Medford","masterauto1713557208658","050-10170556BAB","1280","2% (-26)","under $250k","1749 E McAndrews Rd, Medford, OR 97504, USA"
"Burnt River Farms","11277","050 1003704D5A3","766","3% (-26)","$500k-$750k","1055 NW Washington Ave, Ontario, OR 97914, USA"
"Lovebuzz on Glisan","masterauto1646416797109","050 101205209E9","716","4% (-26)","under $250k","5425 NE Glisan St, Portland, OR 97213, USA"
"Top Shelf Wellness Center - Medford","masterauto1629305277764","050 1016131A101","684","4% (-26)","under $250k","1925 Elm Ave, Medford, OR 97501, USA"
"Nectar - Beaverton Hillsdale","14750","050-1003305612E","620","4% (-26)","under $250k","4709 SW Beaverton Hillsdale Hwy, Portland, OR 97221, USA"
"Nectar - Medford","14910","050 10068220B65","614","4% (-26)","under $250k","259 E Barnett Rd #1, Medford, OR 97501, USA"
"Nectar - Stark","9910","Unspecified","596","4% (-26)","under $250k","9127 SE Stark St, Portland, OR 97216, USA"
"Hall Of Strains","19207","050-101398626C5","572","4% (-26)","under $250k","2595 State St, Salem, OR 97301, USA"
"Kaleafa Cannabis Company - Tigard","18064","050-10120566338","470","5% (-26)","under $250k","11540 SW Pacific Hwy, Tigard, OR 97223, USA"
"Going Green Grand Ronde","10530","050-1004054A790","364","7% (-26)","under $250k","8675 Fort Hill Rd, Willamina, OR 97396, USA"
"Silver Creek Dispensary","10714","050-10096429A3B","312","8% (-26)","under $250k","307 E Main St, Silverton, OR 97381, USA"
"Canna Bros - Amity","masterauto1691781529937","Unspecified","308","8% (-26)","under $250k","108 S Trade St, Amity, OR 97101, USA"
"Attis Trading Company - Gladstone","13494","050-1005120BE71","186","12% (-26)","under $250k","2606 SE Gladstone St, Portland, OR 97202, USA"
"Electric Lettuce - Cedar Hills","13341","050-100241747B3","226","10% (-25)","under $250k","1450 SW Marlow Ave, Portland, OR 97225, USA"
"Frontier Farms Cannabis - Hood River","17181","050-1013873660A","446","5% (-24)","under $250k","602 Oak St, Hood River, OR 97031, USA"
"Green Front - Sandy Blvd","masterauto1629300827148","050-10167774072","442","5% (-24)","under $250k","8138 NE Sandy Blvd, Portland, OR 97213, USA"
"The Canna Shoppe","11044","050-10099690C5E","398","6% (-24)","under $250k","6316 NE Halsey St, Portland, OR 97213, USA"
"Kush Cart | Portland","masterauto1660140796922","050-10055625B58","364","6% (-24)","under $250k","5100 SE HARNEY DR, Portland, Oregon, USA"
"Cannabis Nation - Seaside","10751","050-10020483760","294","8% (-24)","under $250k","550 S Roosevelt Dr, Seaside, OR 97138, USA"
"Mr. Nice Guy - Astoria - Olney","12550","050-1004346113D","294","8% (-24)","under $250k","690 OLNEY AVE, Astoria, Oregon, USA"
"Mr. Nice Guy - Corvallis -15th St","15010","050-1008848DCF8","224","10% (-24)","under $250k","687 SW 15TH ST, Corvallis, Oregon, USA"
"Oregon Euphorics","13917","050-1013874BDF5","158","13% (-24)","under $250k","70 SW Century Dr #170, Bend, OR 97702, USA"
"Weedbucks - Rogue River","14032","050 1009177F10C","156","13% (-24)","under $250k","204 Madrone St, Rogue River, OR 97537, USA"
"Thur's Smoke Shop - Ontario","masterauto1743783226772","Unspecified","890","3% (-23)","under $250k","2380 N Verde Dr , Ontario, Oregon, USA"
"Electric Lettuce - Oregon City","11083","050-100595905E3","252","8% (-23)","under $250k","1279 Molalla Ave, Oregon City, OR 97045, USA"
"Nectar - Gresham Halsey","masterauto1622324945591","050-1011795F274","670","3% (-22)","under $250k","1624 NE 181st Ave, Portland, OR 97230, USA"
"Nectar - 122nd and Division","masterauto1641383421653","050-10163048F86","630","3% (-22)","under $250k","2367 SE 122nd Ave, Portland, OR 97233, USA"
"Top Shelf Wellness Center - White City","11029","050-1012246E7D7","618","3% (-22)","under $250k","7162 Crater Lake Hwy, White City, OR 97503, USA"
"Nectar - Salem Liberty","11660","050-1003305612E","560","4% (-22)","under $250k","4142 Liberty Rd S, Salem, OR 97302, USA"
"Today's Herbal Choice - Molalla","14215","Unspecified","434","5% (-22)","under $250k","31568 OR-213, Molalla, OR 97038, USA"
"Today's Herbal Choice - Milwaukie","15418","10153550A2B","402","5% (-22)","under $250k","3087 SE Monroe St, Milwaukie, OR 97222, USA"
"Gorge Greenery","10147","050-1000163439B","364","6% (-22)","under $250k","13 Oak St, Hood River, OR 97031, USA"
"Mary Jane's Farmacy","12298","050-10044474E1C","318","6% (-22)","under $250k","1729 Center St NE #170, Salem, OR 97301, USA"
"Mr. Nice Guy - Astoria - Bond","11785","050-100883848C4","312","7% (-22)","under $250k","730 BOND ST, STE B, Astoria, Oregon, USA"
"Herban Cannabis Dispensary
","10022","050-1008480B9A7","306","7% (-22)","under $250k","1034 SE 122ND AVE, Portland, Oregon, USA"
"Modern Forest","12041","050-10052346C33","232","9% (-22)","under $250k","634 S Main St, Lebanon, OR 97355, USA"
"Smoke On The Mountain - Welches","11480","050-10045349EFC","128","15% (-22)","under $250k","23860 E Arrah Wanna Blvd, Welches, OR 97067, USA"
"The Spot Cannabis Collective -S. Medford","masterauto1656082502790","050-10170233BF0","1152","2% (-20)","under $250k","1345 Center Dr D, Medford, OR 97501, USA"
"Nectar - Milwaukie Harmony","14592","050-1015130EFE0","678","3% (-20)","under $250k","6335 SE Harmony Rd, Milwaukie, OR 97222, USA"
"HOMEGROWN - Albany","13046","050-101251607DE","632","3% (-20)","under $250k","921 SE 9th Ave, Albany, OR 97322, USA"
"Nectar - Sandy and 68th","masterauto1630102889786","050-101330248CE","558","3% (-20)","under $250k","6714 NE Sandy Blvd, Portland, OR 97213, USA"
"Livewell Dispensary - Broadway","13283","050-100869451F2","556","3% (-20)","under $250k","1522 Broadway St NE, Salem, OR 97301, USA"
"ARCANNA - Portland","17577","050-1016538BD86","542","4% (-20)","under $250k","4605 NE Fremont St suite 105, Portland, OR 97213, USA"
"Urban Farmacy","12477","050-10038053342","352","5% (-20)","under $250k","420 NE 60th Ave, Portland, OR 97213, USA"
"OG Collective - Corvallis","masterauto1626180291923","050-1016958598D","268","7% (-20)","under $250k","414 NW 4th St, Corvallis, OR 97330, USA"
"Hyroot Organics","masterauto1622324889059","050 1007465E4E4","212","9% (-20)","under $250k","52410 River Pine Rd, La Pine, OR 97739, USA"
"Bud Bros. - Cave Junction","12061","050 10056960FF0","193","9% (-20)","under $250k","335 S REDWOOD HWY, Cave Junction, Oregon, USA"
"Greenery - Marijuana Delivery Service","18794","050-10090892548","48","29% (-20)","N/A"," , Portland, Oregon, USA"
"Electric Lettuce - Hillsboro","13656","05010114962EEF","279","6% (-19)","under $250k","2795 SE Tualatin Valley Hwy, Hillsboro, OR 97123, USA"
"Floyd's Fine Cannabis on Columbia","masterauto1619128918880","050-1014115A716","124","13% (-19)","under $250k","1602 N Columbia Blvd, Portland, OR 97217, USA"
"Nectar - Portland Hawthorne","masterauto1645118160459","050-10126270C7D","654","3% (-18)","under $250k","2422 SE Hawthorne Blvd, Portland, OR 97214, USA"
"Green Cross Cannabis Emporium - River Rd","13476","050-100137839DD","636","3% (-18)","under $250k","3165 River Rd N, Salem, OR 97303, USA"
"Nectar - Gresham","10743","050-1003305612E","626","3% (-18)","$250k-$500k","505 NW Burnside Rd, Gresham, OR 97030, USA"
"Top Crop - Eugene","11978","050-1013202F7FC","480","4% (-18)","under $250k","3170 W 11th Ave STE A, Eugene, OR 97402, USA"
"The Joint on State","19266","050 1002423E8DA","478","4% (-18)","under $250k","2350 State St, Salem, OR 97301, USA"
"Nectar - Happy Valley","masterauto1640903001600","050-10175503366","357","5% (-18)","under $250k","10201 SE 82nd Ave, Portland, OR 97086, USA"
"Mr. Nice Guy - Veneta","14181","050-10010004FFE","324","5% (-18)","under $250k","25561 OR-126, Veneta, Oregon, USA"
"Weedbucks","10728","050-1005582DBA5","198","8% (-18)","under $250k","437 S Central Ave, Medford, OR 97501, USA"
"Smooth Roots PDX","masterauto1664823463760","Unspecified","900","2% (-16)","under $250k","15 Northeast Monroe Street, Portland, Oregon, USA"
"Truth Dispensary - Coops","masterauto1746928253478","Unspecified","654","2% (-16)","under $250k","1025 Lancaster Dr Southeast, Salem, Oregon, USA"
"DiamondTree - Westside - Bend","14892","050-10000590807","634","2% (-16)","under $250k","1233 NW Galveston Ave, Bend, OR 97703, USA"
"The Medication Station - Cottage Grove","11455","050-1002566EF10","604","3% (-16)","under $250k","1041 N Pacific Hwy, Cottage Grove, OR 97424, USA"
"Broadway Cannabis Market Forest Grove Dispensary","10458","050-1003884B7AC","482","3% (-16)","under $250k","3821 PACIFIC AVE, Forest Grove, Oregon, USA"
"Canna Bros - Stayton","16487","050-10107001EDC","470","3% (-16)","under $250k","2420 Martin Dr, Stayton, OR 97383, USA"
"Oregon's Herbal Remedies","13005","050 1000929AF4B","394","4% (-16)","under $250k","88344 Territorial Hwy, Veneta, OR 97487, USA"
"The Greener Side - River rd","10471","050-1007242C532","312","5% (-16)","under $250k","1407 River Rd, Eugene, OR 97404, USA"
"Green Apple N.W.","10153","050-1004120449B","302","5% (-16)","under $250k","24180 SE Borges Rd, Damascus, OR 97089, USA"
"Cannabis LLC","13490","050-10010193FDD","280","5% (-16)","under $250k","1936 Main St, Springfield, OR 97477, USA"
"Beaver Bowls","11676","050 100331502C1","278","5% (-16)","under $250k","227 SW 6th St, Corvallis, OR 97333, USA"
"ASAP BUDS COLLECTIVE - Beaverton","masterauto1734975977061","050-6822","241","6% (-16)","under $250k","9255 ne rockspring st apt B102, Beaverton, Oregon, USA"
"Canna Bros. - Sheridan","10241","050-10032789CAF","230","7% (-16)","under $250k","1210 W Main St, Sheridan, OR 97378, USA"
"Columbia River Herbals","14134","050-10040800D20","185","8% (-16)","under $250k","2630 W 6th St, The Dalles, OR 97058, USA"
"Bridge City Collective - Southeast Portland","11369","050-100420301FA","180","8% (-16)","under $250k","215 SE Grand Ave, Portland, OR 97214, USA"
"Oregon Bud Company - Beaverton","11125","050-1000652B6CC","167","9% (-16)","under $250k","3270 SW Cedar Hills Blvd UNIT 104, Beaverton, OR 97005, USA"
"Gnome Grown Beaver Creek","13723","050 1004511D431","158","9% (-16)","under $250k","2005 Beavercreek Rd, Oregon City, OR 97045, USA"
"Stinkin Budz - Salem","13706","105-10052885d4c","774","2% (-15)","under $250k","1040 Commercial St SE, Salem, OR 97302, USA"
"Deanz Greenz - Division","masterauto1629305273668","050 1015964A387","149","9% (-15)","$250k-$500k","14154 SE Division St, Portland, OR 97236, USA"
"Nectar - Gresham 3rd","masterauto1648665947005","050-101825983BC","678","2% (-14)","$250k-$500k","2445 SE 3rd St, Gresham, OR 97080, USA"
"Smooth Roots - Portland","masterauto1667506866855","050-102238492F7","491","3% (-14)","under $250k","5938 N Greeley Ave, Portland, OR 97217, USA"
"Kush Cart Delivery","18596","050-10055625B58","258","5% (-14)","N/A"," , Portland, Oregon, USA"
"Coastal Craft Cannabis","masterauto1660320653280","050-10187941F4A","240","6% (-14)","under $250k","200 N Roosevelt Dr, Seaside, OR 97138, USA"
"Deanz Greenz - Sandy","9783","050 1015964A387","158","8% (-14)","under $250k","10415 NE Sandy Blvd, Portland, OR 97220, USA"
"Kind Heart Collective","11620","050-1000396C575","149","9% (-14)","under $250k","(address is correct, doesn't match pin on map), 8217 N Denver Ave, Portland, OR 97217, USA"
"Buzz Box","20978","Unspecified","112","11% (-14)","under $250k","6611 SE Powell Blvd, Portland, OR 97206, USA"
"Power Plant on Thurman","12839","Unspecified","274","5% (-13)","under $250k","2384 NW Thurman St, Portland, OR 97210, USA"
"Floyd's Fine Cannabis on Broadway","14635","050-1007632F435","158","8% (-13)","under $250k","801 NE Broadway, Portland, OR 97232, USA"
"Good Karma","17673","050-10010073418","101","11% (-13)","under $250k","Good Karma, 3332 Main St, Springfield, OR 97478, USA"
"Northwest Advantage - Corvallis","10682","050 100664391F4","778","2% (-12)","under $250k","3478 NE Hwy 101, Lincoln City, OR 97367, USA"
"Nectar - Terwilliger","12163","050-1003305612E","716","2% (-12)","under $250k","8601 SW Terwilliger Blvd, Portland, OR 97219, USA"
"Nectar - Portland Division","15486","050 101431471DA","692","2% (-12)","under $250k","2123 SE Division St, Portland, OR 97214, USA"
"Chalice Farms - Dundee","11702","050-10079928B63","654","2% (-12)","under $250k","1178 SW OR-99W, Dundee, Oregon, USA"
"Nectar - Portland Alberta","masterauto1656100640921","050-10190196896","578","2% (-12)","under $250k","2338 NE Alberta St, Portland, OR 97211, USA"
"Cookies - Ontario","masterauto1698079001680","Unspecified","482","2% (-12)","under $250k","2317 NW 11th St, Ontario, OR 97914, USA"
"Today's Herbal Choice - Barbur","12929","050-1010496F611","416","3% (-12)","under $250k","9220 SW Barbur Blvd #107, Portland, OR 97219, USA"
"Oregon's Finest - Pearl","14151","050 1000161114D","285","4% (-12)","under $250k","911 NW 14th Ave, Portland, OR 97209, USA"
"Bud Bros - Brookings","14281","050 10054414005","238","5% (-12)","under $250k","1240 CHETCO AVE, Suite E and F, Brookings, Oregon, USA"
"The New Amsterdam - Kerby","14831","050-10042321958","230","5% (-12)","under $250k","24394 Redwood Hwy, Kerby, OR 97531, USA"
"Plantae Health Center - Madras","11315","050-10037199BA2","220","5% (-12)","under $250k","1100 US-97 #103, Madras, OR 97741, USA"
"Budlandia - Woodward","11099","050-1008031898B","214","5% (-12)","under $250k","8135 SE Woodward St, Portland, OR 97206, USA"
"Peach Cannabis","12893","050 1016162FFA8","148","8% (-12)","under $250k","1553 Oak St, Eugene, OR 97401, USA"
"NoDak Green Prairie","13267","050-1000345DEA9","76","14% (-12)","under $250k","390 Coburg Rd, Eugene, OR 97401, USA"
"Emerald Triangle Dispensary - Klamath","9912","050-10050834F0C","486","2% (-11)","under $250k","3480 Washburn Way ste d, Klamath Falls, OR 97603, USA"
"Emerald Triangle Dispensary - Medford","10586","050-10050834F0C","423","3% (-11)","under $250k","246 E 10th St, Medford, OR 97501, USA"
"Floyd's Fine Cannabis on 28th","12664","050-10068514E68","185","6% (-11)","under $250k","5217 SE 28th Ave, Portland, OR 97202, USA"
"Floyd's Fine Cannabis on Sandy","14182","050-1006884F4A9","171","6% (-11)","under $250k","5944 NE Sandy Blvd, Portland, OR 97213, USA"
"The Spot Cannabis Collective - N. Medford","15736","050-1010254919C","1479","1% (-10)","$250k-$500k","2590 Crater Lake Hwy, Medford, OR 97504, USA"
"Top Hat Express","14954","#050-101338246B5","696","1% (-10)","under $250k","11916 SE 22nd Ave Unit B, Milwaukie, OR 97222, USA"
"Chalice Farms - Powell","11882","050-10086554F25","672","1% (-10)","under $250k","5333 SE POWELL BLVD, Portland, Oregon, USA"
"Nectar - Eugene 6th","11848","050-1003305612E","654","2% (-10)","under $250k","698 W 6th Ave, Eugene, OR 97402, USA"
"The Joint on Market - Salem","18675","050-1000080680D","470","2% (-10)","under $250k","3270 Market St NE, Salem, OR 97301, USA"
"Better Daze - Eugene","14488","050 10146546503","456","2% (-10)","under $250k","1910 EMPIRE PARK DR, Eugene, Oregon, USA"
"Green Room - Campus","14217","050-10038995791","411","2% (-10)","under $250k","111 NW 16th St, Corvallis, OR 97330, USA"
"Broadway Cannabis Market - McLoughlin Blvd","masterauto1723835745957","Unspecified","394","2% (-10)","N/A","219 SW Broadway, Portland, OR 97205, USA"
"Green Goddess Remedies","14846","050-1000365F3DF","386","3% (-10)","under $250k","5435 SW Taylors Ferry Rd, Portland, OR 97219, USA"
"Mongoose Cannabis Co.","masterauto1619664287934","050-101105215C0","308","3% (-10)","under $250k","3123 SE Belmont St, Portland, OR 97214, USA"
"Yachats Cannabis Company","10523","050-1011062F6DA","306","3% (-10)","under $250k","430 Hwy 101 N, Yachats, OR 97498, USA"
"CannaVida - Bend","masterauto1621991076697","050-10006946EE11","276","3% (-10)","under $250k","325 NE FRANKLIN Ave, Bend, Oregon, USA"
"Phresh Start - Cottage Grove","masterauto1706901668873","Unspecified","258","4% (-10)","under $250k","710 Row River Rd, Cottage Grove, OR 97424, USA"
"Kings of Canna","13219","050-10024220915","257","4% (-10)","under $250k","1465 NE Prescott St C, Portland, OR 97211, USA"
"Cola Cove","11721","050-101323878C8","256","4% (-10)","under $250k","13553 SW Pacific Hwy, Tigard, OR 97223, USA"
"Parlour Cannabis Shoppe","14682","050-1017674D3AA","256","4% (-10)","under $250k","4702 SW Scholls Ferry Rd, Portland, OR 97225, USA"
"Rogue Valley Cannabis - Ashland","10977","050-101344798CE","235","4% (-10)","under $250k","505 Siskiyou Blvd, Ashland, OR 97520, USA"
"Cannabis Curb","masterauto1622325249817","050-101564175EC","174","5% (-10)","under $250k","4069 NE Martin Luther King Jr Blvd, Portland, OR 97212, USA"
"Green Muse","11462","050-1006382C6BF","100","9% (-10)","under $250k","5515 NE 16th Ave, Portland, OR 97211, USA"
"Rosebud Growers Cannabis Shop","17062","050-101562607D1","78","11% (-10)","under $250k","2637 NE Martin Luther King Jr Blvd B, Portland, OR 97212, USA"
"Oregon Bud Company - Portland 122nd","15613","050-10109202F8F","41","20% (-10)","under $250k","5515 SE 122nd Ave, Portland, OR 97236, USA"
"Lifted NorthWest","10488","050 1005108139A","32","24% (-10)","under $250k","11121 SE Division St, Portland, OR 97266, USA"
"Western Oregon Dispensary - Sherwood","13872","OMMD00477","322","3% (-9)","under $250k","15025 SW Tualatin-Sherwood Rd, Sherwood, OR 97140, USA"
"Electric Lettuce - Sellwood","17778","050-101478142AC","249","3% (-9)","under $250k","7703 SE 13th Ave, Portland, OR 97202, USA"
"Today's Herbal Choice - Forest Grove","masterauto1728330181979","050-6783","232","4% (-9)","under $250k","3130 Pacific Ave, Forest Grove, OR 97116, USA"
"The Farmacy - Astoria","14186","050-10109648FB8","200","4% (-9)","under $250k","2911 Marine Dr suite b, Astoria, OR 97103, USA"
"LUCKY LION - POWELL","11291","050-101369028B1","119","7% (-9)","under $250k","14800 SE Powell Blvd, Portland, OR 97236, USA"
"Lucky Lion - Eugene","14537","050-1009099F609 AG-L1058960A","115","7% (-9)","under $250k","2164 W 7th Ave, Eugene, OR 97402, USA"
"Pur Roots","13153","050-1004701F805","758","1% (-8)","under $250k","5816 NE Portland Hwy, Portland, OR 97218, USA"
"Redbarn Dispensary - Springfield","masterauto1635785477762","050-1005168B9ED","632","1% (-8)","$250k-$500k","1045 Gateway Loop, Springfield, OR 97477, USA"
"The Bakery - Lafayette","masterauto1731718014071","Unspecified","528","1% (-8)","under $250k","373 Bridge St, Lafayette, Oregon, USA"
"Green Room - Headquarters","13100","050-100297375C8","504","2% (-8)","under $250k","2521 NW 9th St, Corvallis, OR 97330, USA"
"Somewhere Dispensary","14315","050-10088208976","348","2% (-8)","under $250k","2128 NW Overton St, Portland, OR 97210, USA"
"Emerald Triangle - Roseburg","masterauto1670358858832","050-1012006BB1E","348","2% (-8)","under $250k","1630 NW Garden Valley Blvd, Roseburg, Oregon, USA"
"Mr. Nice Guy - Cornelius","15974","020-1065447D3 050 10111201EE2","340","2% (-8)","under $250k","3146 E BASELINE ST , Cornelius, Oregon, USA"
"Truly Pure","11198","060100388704F8","322","2% (-8)","under $250k","1006 SE Grand Ave #104, Portland, OR 97214, USA"
"Emerald Triangle Dispensary - Albany","masterauto1629307945954","050-1012475B14E","295","3% (-8)","under $250k","838 Pacific Blvd SE, Albany, OR 97322, USA"
"Oregon's Best Buds","9937","050-10032511404","227","3% (-8)","under $250k","10128 E Burnside St, Portland, OR 97216, USA"
"Satchel - Portland","14932","050-10008176667","188","4% (-8)","under $250k","6900 N Interstate Ave, Portland, OR 97217, USA"
"Carefree Cannabis","masterauto1629307945381","050 10131389424","108","7% (-8)","under $250k","5926 NE Killingsworth St, Portland, OR 97218, USA"
"LUCKY LION - Halsey","10655","101369028B1","107","7% (-8)","under $250k","7817 NE Halsey St, Portland, OR 97213, USA"
"Cream Cannabis","masterauto1652891356493","05010145124694","54","13% (-8)","under $250k","47700 NW Sunset Hwy, Banks, OR 97106, USA"
"The Green Room Dispensary - Corvallis - South","masterauto1743196343860","050-1015927ADFE","350","2% (-7)","under $250k","1665 SW 3rd St, Corvallis, OR 97333, USA"
"Electric Lettuce - Sandy Blvd","masterauto1622682071881","050-10140881D51","226","3% (-7)","under $250k","2026 NE Sandy Blvd, Portland, OR 97232, USA"
"Bloominati Cannabis - Forest Grove","masterauto1643668053388","050 101408643F8","181","4% (-7)","$250k-$500k","2420 Pacific Ave, Forest Grove, OR 97116, USA"
"Southern Oregon Cannabis Connection","12958","050-1005629EC8B","160","4% (-7)","under $250k","1950 NE 7th St, Grants Pass, OR 97526, USA"
"Substance - Midtown","15497","050-10044860EA3","1176","1% (-6)","$250k-$500k","1814 NE Division St, Bend, OR 97701, USA"
"Livewell Dispensary","10772","050-100088728CB","752","1% (-6)","under $250k","696 Hawthorne Ave NE #100, Salem, OR 97301, USA"
"Rose Budz PDX","masterauto1626180295985","050-10168108EB5","650","1% (-6)","under $250k","2410 N Mississippi Ave, Portland, OR 97227, USA"
"The Lucky Leaf - Silverton","13381","050-1001843EA13","578","1% (-6)","under $250k","208 Jersey St, Silverton, OR 97381, USA"
"Nebula Cannabis","15598","050-10104115CC6","525","1% (-6)","under $250k","11605 SE Powell Blvd, Portland, OR 97266, USA"
"Kaleafa Cannabis Company - Hillsboro","10165","050-101605722B3","488","1% (-6)","under $250k","353 SW Walnut St, Hillsboro, OR 97123, USA"
"Phresh Start - Barger","masterauto1649272426028","050-100912345DE","406","1% (-6)","under $250k","4925 Barger Dr A, Eugene, OR 97402, USA"
"Canna Bros - Lebanon","masterauto1674593695113","Unspecified","398","1% (-6)","under $250k","1111 S Main St, Lebanon, OR 97355, USA"
"Happy Leaf - Portland","13514","050-1000146ACE7","364","2% (-6)","under $250k","1301 NE Broadway St, Portland, OR 97232, USA"
"Preserve Oregon","12082","050-1009465D34F","356","2% (-6)","under $250k","1201 Commercial St SE, Salem, OR 97302, USA"
"Oregon Weedery","11028","050-100289392BD","354","2% (-6)","under $250k","2327 NW Kearney St, Portland, OR 97210, USA"
"DiamondTree - Madras","15238","050-1000076B368","348","2% (-6)","under $250k","380 North Sunset Highway, Madras, OR 97741, USA"
"Crater Cannabis","masterauto1673369930556","050-101894058F6","338","2% (-6)","under $250k","1180 Crater Lake Ave, Medford, OR 97504, USA"
"Oregon's Finest - Convention Center","masterauto1721429239754","050-1000162E337","309","2% (-6)","under $250k","505 NE Grand Ave, Portland, OR 97232, USA"
"Green Gratitude","15631","050-1004550B848","294","2% (-6)","under $250k","10322 SE Holgate Blvd, Portland, OR 97266, USA"
"Pakalolo PDX","15008","050-10040109FC7","274","2% (-6)","under $250k","1528 SE Holgate Blvd, Portland, OR 97202, USA"
"Diamond Cannabis","14173","050-10053021A3C","266","2% (-6)","under $250k","300 SW 6th St, Grants Pass, OR 97526, USA"
"Canna-Daddy’s Wellness Center","10567","050-1013745FADA","245","2% (-6)","under $250k","17020 SE Division St, Portland, OR 97236, USA"
"Electric Lettuce - Holgate","16326","050-1012021E786","210","3% (-6)","under $250k","12131 SE Holgate Blvd, Portland, OR 97266, USA"
"NW Compassion Medical Center","11360","050-10158844904","124","5% (-6)","under $250k","1970 NE 238th Dr, Wood Village, OR 97060, USA"
"Budlandia - Portland","11503","050-10007839141","116","5% (-6)","under $250k","16440 SE Division St, Portland, OR 97236, USA"
"Tropicannabis Club","13588","Unspecified","95","6% (-6)","under $250k","1817 Cascade Ave, Hood River, OR 97031, USA"
"Oregrown - Bend","14772","050-10035451904","638","1% (-5)","$250k-$500k","1199 NW Wall St, Bend, OR 97701, USA"
"Sumpter's Nugget","12939","050-10047883377","193","3% (-5)","under $250k","160 Mill St Ste 102, Sumpter, OR 97877, USA"
"Tree House Collective - North","masterauto1721229793327","10225541A5A","183","3% (-5)","under $250k","5701 N Lombard St, Portland, OR 97203, USA"
"TreeHouse Collective","11178","050-1004294B93A","174","3% (-5)","under $250k","2419 NE Sandy Blvd, Portland, OR 97232, USA"
"Sunray Cannabis","11619","050-1003823E63C","165","3% (-5)","under $250k","1347 Oregon Coast Hwy, Lincoln City, OR 97367, USA"
"Local Herb Collective","14207","050-1004764F055","160","3% (-5)","under $250k","15948 SE Division St, Portland, OR 97236, USA"
"The Herbsman","15538","050 10052360AEA","96","5% (-5)","under $250k","1244 S Riverside Ave, Medford, OR 97501, USA"
"River City - Merlin","12285","050-1016693DF27","95","5% (-5)","under $250k","115 Galice Rd, Merlin, OR 97532, USA"
"Xclusive Taste Retail","masterauto1709914303779","Unspecified","66","7% (-5)","under $250k","5821 SE Powell Blvd, Portland, OR 97206, USA"
"Oregon Bud Company - Newport","11696","050-10006568A0C","33","13% (-5)","under $250k","1155 SW Coast Hwy, Newport, OR 97365, USA"
"Eugene OG","13721","050-1000954D8AD","694","1% (-4)","under $250k","2045 Franklin Blvd, Eugene, OR 97403, USA"
"Hippy Trip","13054","050-1008663DE73","586","1% (-4)","under $250k","249 US-101 suite a, Depoe Bay, OR 97341, USA"
"Club Sky High","13589","050 1000235878E","519","1% (-4)","under $250k","8975 N Lombard St, Portland, OR 97203, USA"
"Plane Jane's Dispensary - Portland","14736","050 1004832102C","488","1% (-4)","under $250k","10530 NE Simpson St, Portland, OR 97220, USA"
"Frontier Farms Cannabis - The Dalles","masterauto1635238560567","050-1017449E2EB","428","1% (-4)","under $250k","609 E 2nd St, The Dalles, OR 97058, USA"
"Tokyo Starfish - South HWY 97","12981","050 100516333C2","406","1% (-4)","$250k-$500k","61230 S Hwy 97, Bend, OR 97702, USA"
"Emerald Triangle - Talent","13946","050-100342445FA","328","1% (-4)","under $250k","103 N Pacific Hwy Suite B, Talent, OR 97540, USA"
"Paradise Found - Milwaukieno","14929","050 1008521615D","326","1% (-4)","under $250k","10655 SE 42nd Ave, Milwaukie, OR 97222, USA"
"OG Collective Dispensary - Commercial","15854","050-100157201FF","198","2% (-4)","under $250k","3537 Commercial St SE #100, Salem, OR 97302, USA"
"The Farmers Daughters Dispensary","13774","050-100825128A0","161","2% (-4)","under $250k","1025 Chetco Ave, Brookings, OR 97415, USA"
"Budz Cannabis Superstore","masterauto1621966749924","050-1016704544A","157","2% (-4)","under $250k","3600 Merlin Rd, Grants Pass, OR 97526, USA"
"Weedbucks - Merlinweb","masterauto1658426530834","050-1017346D1E7","148","3% (-4)","under $250k","330 Galice Rd, Merlin, OR 97532, USA"
"Green Health Associates","14218","050-1010887904B","144","3% (-4)","under $250k","607 State Hwy 99 N, Eugene, OR 97402, USA"
"Cannabiz Experience","10266","050-100485158FE","130","3% (-4)","under $250k","333 N Riverside Ave, Medford, OR 97501, USA"
"Doctor's Orders Portland","11979","050-1005063D72C","117","3% (-4)","under $250k","3424 NE 82nd Ave, Portland, OR 97220, USA"
"Cookies - Eugene","14343","050-1017143AEF5","110","4% (-4)","under $250k","1158 High St suite 101, Eugene, OR 97401, USA"
"Attis Trading Company - Cully","13680","050-10051193A0E","88","4% (-4)","under $250k","4920 NE Cully Blvd, Portland, OR 97218, USA"
"Plus Dispensary","11435","050-101048392D3","36","10% (-4)","under $250k","45 NE 122nd Ave, Portland, OR 97220, USA"
"Natural Remedies - Portland East
","11177","050 10047179FEF","122","2% (-3)","under $250k","9810 E Burnside St, Portland, OR 97216, USA"
"Pipe Dreams Dispensary - Lincoln City","14487","050-10001832DA7","115","3% (-3)","under $250k","1745 SE Hwy 101, Lincoln City, OR 97367, USA"
"Power Plant Foster - Portland","14378","050-10113069B02","88","3% (-3)","under $250k","10215 SE Foster Rd, Portland, OR 97266, USA"
"Nectar - Ashland Main","10497","050 1004450CCA0","628","0% (-2)","under $250k","488 N Main St, Ashland, OR 97520, USA"
"Dreamz Dispensary - Eugene","14460","050-1002612f763","544","0% (-2)","under $250k","1000 Obie St, Eugene, OR 97402, USA"
"TJ's on Willamette","11909","Unspecified","470","0% (-2)","under $250k","1027 Willamette St, Eugene, OR 97401, USA"
"The Local Market - Bend","15637","050 1004132F2CF","420","0% (-2)","under $250k","1216 NE 1st St, Bend, OR 97701, USA"
"Mr. Nice Guy - Holgate","9730","050-100099996CC","406","0% (-2)","under $250k","11030 SE HOLGATE BLVD, Portland, Oregon, USA"
"Maritime Cafe","13183","050 10000680436","397","1% (-2)","under $250k","17417 SE McLoughlin Blvd, Portland, OR 97267, USA"
"The Green Planet - Beaverton","14308","050-1002260AA4F","389","1% (-2)","under $250k","10100 SW Canyon Rd, Beaverton, OR 97005, USA"
"Tokyo Starfish - 3rd st","9604","050 1011273FDDC","366","1% (-2)","under $250k","923 SE 3rd St, Bend, OR 97702, USA"
"Sensible Cannabis Company","12129","050-101133291FA","364","1% (-2)","under $250k","3338 N Pacific Hwy, Medford, OR 97501, USA"
"Natural Wonders - Portland","14115","050-1003343AD7E","364","1% (-2)","under $250k","3831 SE Main St, Portland, OR 97214, USA"
"TJ's on Broadway - Salem","masterauto1637681420978","050-1017432812F","336","1% (-2)","under $250k","1487 Broadway St NE, Salem, OR 97301, USA"
"Western Oregon Dispensary - Newberg","12192","Unspecified","334","1% (-2)","under $250k","1013 N Springbrook Rd, Newberg, OR 97132, USA"
"Electric Lettuce Dispensary - Portland Dekum","15114","050  10140566C3D","206","1% (-2)","under $250k","909 NE DEKUM ST, STE A, Portland, Oregon, USA"
"Salem Organics","13568","050-1008736780D","188","1% (-2)","under $250k","4980 Commercial St SE, Salem, OR 97302, USA"
"THX - Portland","masterauto1722890515205","Unspecified","56","3% (-2)","under $250k","4931 NE 33rd Ave, Portland, OR 97211, USA"
"Green Cross Dispensary - Brownsville","10124","050-10055307DA2","16","11% (-2)","under $250k","221 W Bishop Way, Brownsville, OR 97327, USA"
"Hotbox Farms - Ontario","18852","050-10124660E00","382","0% (-1)","$250k-$500k","325 Goodfellow St, Ontario, OR 97914, USA"
"Archive Portland","10875","050-100089293F9","157","1% (-1)","under $250k","10645 SE Henry St b, Portland, OR 97266, USA"
"La Mota - Taylors Ferry Rd","17775","050-1008270BB4F","111","1% (-1)","under $250k","1103 SW Taylors Ferry Rd, Portland, OR 97219, USA"
"Marie Janes Cannabis Connection","11557","050-10046559560","54","2% (-1)","under $250k","568 SW 3rd St, Corvallis, OR 97333, USA"
"Rogue River Herbal PMC - Oregon","13480","1001576D112","45","2% (-1)","under $250k","510 E Main St, Rogue River, OR 97537, USA"
"Green Mountain Fire","13705","050-10064647FD2","724","0% (0)","under $250k","21951 SE STARK ST, Gresham, Oregon, USA"
"Top Shelf Medicine - Newport","masterauto1629307946980","050-1011675DFC6","721","0% (0)","under $250k","657 SW Coast Hwy, Newport, OR 97365, USA"
"Green Cross Cannabis Emporium - Salem","10090","050-100137839DD","590","0% (0)","under $250k","4550 Commercial St SE, Salem, OR 97302, USA"
"Broadway Cannabis Market - Portland","14139","050-101040688B0","538","0% (0)","under $250k","427 NW Broadway, Portland, OR 97209, USA"
"Left Coast Connection LLC","11060","050-10025185011","502","0% (0)","under $250k","10055 NE Glisan St, Portland, OR 97220, USA"
"Serra Belmont","9786","050 1001606EE83","488","0% (0)","under $250k","2519 SE Belmont St, Portland, OR 97214, USA"
"The Dispensary on 52nd","13194","050-1000236A6D2","474","0% (0)","under $250k","4452 SE 52nd Ave, Portland, OR 97206, USA"
"Going Green - Eugene","10812","050-10155684476","454","0% (0)","under $250k","439 W 1st Ave, Eugene, OR 97401, USA"
"Sensible Cannabis Company - Portland","masterauto1670010207714","050-10201128197","412","0% (0)","under $250k","1926 NE 40th Ave, Portland, OR 97212, USA"
"Green Lion - Clackamas","11691","050-1015135E4D3","376","0% (0)","under $250k","7000 SE Johnson Creek Blvd, Portland, OR 97206, USA"
"Oregrown - Cannon Beach","10027","050 10076398349","374","0% (0)","under $250k","215 N Hemlock St, Cannon Beach, OR 97110, USA"
"Electric Lettuce Delivery - Westside","masterauto1649351167604","Unspecified","372","0% (0)","N/A","Unspecified, Hillsboro, Oregon, USA"
"High Lakes Cannabis Co - Monmouth","12028","050-1006174477B","370","0% (0)","under $250k","593 JACKSON ST E, Monmouth, Oregon, USA"
"Little Amsterdam - Portland","11208","050 1004323E257","368","0% (0)","under $250k","7035 S Macadam Ave, Portland, OR 97219, USA"
"Herbal Choices - Charleston","9728","050-1003361BA17","344","0% (0)","under $250k","63247 Troller Rd, Charleston, OR 97420, USA"
"Kaleafa Cannabis Co. - Portland","masterauto1647891617914","050-1001106576F","341","0% (0)","under $250k","5232 SE Woodstock Blvd, Portland, OR 97206, USA"
"PottonMouth Retail Cannabis","10582","050 1009127E8AF","284","0% (0)","under $250k","950 SE Sheridan Rd, Sheridan, OR 97378, USA"
"The CDC Dispensary - Portland","10650","050-1003846F031","283","0% (0)","under $250k","10015 SW Hall Blvd Ste B, Portland, OR 97223, USA"
"Electric Lettuce - Happy Valley","10756","050-101070561E6","282","0% (0)","under $250k","16416 SE Sunnyside Rd, Clackamas, OR 97015, USA"
"Oregon Grown Cannabis","12815","050-1005779006B","240","0% (0)","under $250k","1201 W Stewart Ave, Medford, OR 97501, USA"
"OG Collective - Liberty","19223","050-101185442C9","228","0% (0)","under $250k","1617 Liberty St NE, Salem, OR 97301, USA"
"The Rock Dispensary","masterauto1635209158480","050-10170663A49","226","0% (0)","under $250k","1911 Lancaster Dr NE, Salem, OR 97305, USA"
"Green Oasis - Sellwood","12002","050-10010749D9A","212","0% (0)","under $250k","1035 SE Tacoma St, Portland, OR 97202, USA"
"Oregon Cannabis Co","10837","050 100542973D6","210","0% (0)","under $250k","1977 Santiam Hwy SE, Albany, OR 97321, USA"
"Hashstoria - Astoria","10285","020-1007581CF85","206","0% (0)","under $250k","229 W Marine Dr #C, Astoria, OR 97103, USA"
"Discovery Cannabis - Waldport","13542","050-1014594A9CC","206","0% (0)","under $250k","250 SW Hwy 101, Waldport, OR 97394, USA"
"Paradise Found - Portland","15281","050 1004337113E","180","0% (0)","under $250k","10735 NE Halsey St, Portland, OR 97220, USA"
"Twenty After Four Wellness Center","12595","050-1001915EA16","170","0% (0)","under $250k","420 Blair Blvd, Eugene, OR 97402, USA"
"Purple Sunset LLC - Astoria","masterauto1712591460798","Unspecified","162","0% (0)","under $250k","3115 S Hemlock St, Cannon Beach, OR 97103, USA"
"Zion Cannabis - Ontario","19064","050-10151557699","159","0% (0)","under $250k","340 SE 13th St, Ontario, OR 97914, USA"
"The House of Dank","13199","050-10092871208","151","0% (0)","under $250k","379 Fir Ave, Reedsport, OR 97467, USA"
"Sweet Relief - St. Helens","11552","050-10025563EE3","146","0% (0)","under $250k","1809 Columbia Blvd, St Helens, OR 97051, USA"
"Hood River Naturals","12173","050-100041086CC","127","0% (0)","under $250k","1020 Wasco St ste k, Hood River, OR 97031, USA"
"Lucky Lion - Sandy","16425","Unspecified","126","0% (0)","under $250k","16148 NE Sandy Blvd, Portland, OR 97230, USA"
"The Flower Room - Bend","14797","050-1007975177C","124","0% (0)","under $250k","817 NW HILL ST, Bend, Oregon, USA"
"Mother Earth Medicines","14129","050-10088018221","110","0% (0)","under $250k","36 S Riverside Ave, Medford, OR 97501, USA"
"Beaver Bowls Cannabis Showroom","13161","050-1011974206C","90","0% (0)","under $250k","1434 Pacific Blvd SE, Albany, OR 97321, USA"
"Tangent Farmacy","11715","050-100562112C2","80","0% (0)","under $250k","32990 OR-99E, Tangent, OR 97389, USA"
"Jayne","17787","050-10041073E5E","73","0% (0)","under $250k","2145 NE Martin Luther King Jr Blvd, Portland, OR 97212, USA"
"Sweet Leaf Illusions","10951","050-10059292304","39","0% (0)","under $250k","8434 SE 82nd Ave, Portland, OR 97266, USA"
"Citi Zen - Pacific City/Pacific Beach","12787","050-1004766AB16","31","0% (0)","under $250k","6305 Pacific Ave, Cloverdale, OR 97112, USA"
"Buds R Us - Portland","masterauto1691167705329","Unspecified","3","0% (0)","under $250k","5262 Ne 31st Ave, Portland, Oregon, USA"
"The Bud House","20993","050-101386729BA","380","0% (+1)","$250k-$500k","115 NE 2nd St, Ontario, OR 97914, USA"
"The Green Planet - King City","13984","050-1002260AA4F","356","0% (+1)","under $250k","15350 SW 116th Ave #2658, King City, OR 97224, USA"
"The Green Remedy - Portland","15316","050 1003394CD52","231","0% (+1)","under $250k","12436 SE Powell Blvd, Portland, OR 97236, USA"
"Cloud 9 Cannabis","9856","050 100736767B7","97","1% (+1)","under $250k","154 Manor St NE, Albany, OR 97322, USA"
"Cannabliss and Co. - 22nd and Burnside","14056","050-100400192AC","600","0% (+2)","under $250k","2160 W Burnside St, Portland, Oregon, USA"
"Lincoln City Collective","13914","050-1004082F8AD","554","0% (+2)","under $250k","1266 SW 50th St, Lincoln City, OR 97367, USA"
"Cultiv8 - Portland SE Woodstock","10774","020-354682D74,050 1002749D5F6","529","0% (+2)","under $250k","5230 SE 52ND AVE, Portland, Oregon, USA"
"Green Cross - Hillsboro","12067","050-10045653650","480","0% (+2)","under $250k","1234 SW BASELINE ST, A, Hillsboro, Oregon, USA"
"Cougar Cannabis","15239","050 10049124667","478","0% (+2)","under $250k","1989 NE Diamond Lake Blvd, Roseburg, OR 97470, USA"
"Albany Alternative Health Solutions","11919","050-10052732037","361","1% (+2)","under $250k","820 Pacific Blvd SE B, Albany, OR 97322, USA"
"The New Amsterdam - Portland","10698","050-10034282CCC","312","1% (+2)","under $250k","2201 N Killingsworth St, Portland, OR 97217, USA"
"Happy Haze","13606","050 1014769D853","308","1% (+2)","under $250k","1409 Oak St, Eugene, OR 97401, USA"
"Plantae Health - Bend","10654","050-10022589CE7","304","1% (+2)","under $250k","2115 NE Hwy 20 #107, Bend, OR 97701, USA"
"POPS","masterauto1647525472598","1016923EE82","284","1% (+2)","under $250k","264 Sixth St Unit A Corner of HWY 101 and, Jackson St, Port Orford, OR 97465, USA"
"Willamette Valley Cannabis","16842","050 100008156B4","230","1% (+2)","under $250k","8265 SE McLoughlin Blvd, Portland, OR 97202, USA"
"Electric Lettuce - Eugene","16312","050-10116834C7B","216","1% (+2)","under $250k","1201 W 11th Ave, Eugene, OR 97402, USA"
"Pot Mates","19052","050-101144582D7","155","1% (+2)","N/A","4607 SW Beaverton Hillsdale Hwy, Portland, OR 97221, USA"
"Mystic Moss Dispensary - Corvallis","masterauto1743029116124","050-8714","154","1% (+2)","under $250k","119 Southwest 4th St, Corvallis, Oregon, USA"
"BUDZ Barn - Medford","16419","050-100480492FF","89","2% (+2)","under $250k","3528 South Pacific Hwy , Medford, Oregon, USA"
"Trees Dispensary - 102nd Portland","12466","050 10036004097","84","2% (+2)","under $250k","1234 NE 102nd Ave, Portland, OR 97220, USA"
"The Dime Store - Portland","masterauto1629306891242","050 10127610CE8","39","5% (+2)","N/A","8218 SE Holgate Blvd, Portland, OR 97266, USA"
"Nectar - Portland Washington","masterauto1659023905906","050-1015716BDCC","319","1% (+3)","under $250k","9735 SE Washington St, Portland, OR 97216, USA"
"Hierba Buena","9596","050-1007695C5F7","207","1% (+3)","under $250k","3674 Pacific Hwy, Hubbard, OR 97032, USA"
"Ishen Tree - Glisan","10301","050-10088926F6F","176","2% (+3)","under $250k","11821 NE Glisan St, Portland, OR 97220, USA"
"Terpene Station - Eugene","12021","050-1011403433E","151","2% (+3)","under $250k","645 River Rd #3, Eugene, OR 97404, USA"
"Zion Cannabis - Portland","12172","050-10039294D00","105","3% (+3)","under $250k","2331 SW 6th Ave, Portland, OR 97201, USA"
"The Spot Cannabis Collective - Ashland","masterauto1716738566107","Unspecified","1016","0% (+4)","under $250k","2590 Crater Lake Hwy, Medford, OR 97504, USA"
"Cannabis Nation - Beaverton","15343","050100164832B5","630","1% (+4)","$250k-$500k","15915 NW Schendel Ave #104, Beaverton, OR 97006, USA"
"Redbarn Dispensary - Main St Springfield","masterauto1713559172414","Unspecified","618","1% (+4)","under $250k","4360 Main St, Springfield, OR 97478, USA"
"THC Recreation Station - Salem","12144","050-10044175634","602","1% (+4)","under $250k","1295 Oxford St SE, Salem, OR 97302, USA"
"Phresh Start - Springfield","11372","050-1004716B1DB","422","1% (+4)","under $250k","1623 21st St suite b, Springfield, OR 97477, USA"
"Modern Forest - Sweet Home","masterauto1654542100333","Unspecified","388","1% (+4)","under $250k","160 Main St, Sweet Home, OR 97386, USA"
"Monmouth Cannabis","15379","050-100479383D7","360","1% (+4)","under $250k","210 Pacific Hwy W South, Monmouth, OR 97361, USA"
"Herbal Choices - Coos Bay","13524","050-1003361BA17","338","1% (+4)","under $250k","965 S 1st St, Coos Bay, OR 97420, USA"
"WeedAgain - Oakridge","13544","050-100912345DE","296","1% (+4)","under $250k","47670 OR-58 Suite B, Oakridge, OR 97463, USA"
"Hive Cannabis Connect","masterauto1683917882004","Unspecified","226","2% (+4)","under $250k","2836 W 11th Ave Unit 2, Eugene, OR 97402, USA"
"OG Collective - West Salem","16136","Unspecified","178","2% (+4)","under $250k","908 Edgewater St NW, Salem, OR 97304, USA"
"OG Collective Dispensary - Hawthorne","14587","050-100157201FF","170","2% (+4)","under $250k","3410 Hawthorne Ave NE, Salem, OR 97301, USA"
"Zuni Farm Stand Dispensary","masterauto1665070932365","050-1015330739B","147","3% (+4)","under $250k","3540 Demaray Dr Suite B, Grants Pass, OR 97527, USA"
"Lucky Lion - Springfield","masterauto1708113594457","Unspecified","118","4% (+4)","under $250k","2147 Main St, Springfield, OR 97477, USA"
"Western Oregon Dispensary - Hilsboro","20956","050-10124782846","339","1% (+5)","under $250k","652 SW Baseline St, Hillsboro, OR 97123, USA"
"Floyd's Fine Cannabis Slabtown","9603","050-1011662585D","196","3% (+5)","under $250k","2515 NW Nicolai St, Portland, OR 97210, USA"
"Moss Crossing","13971","050 100386665E6","154","3% (+5)","under $250k","2751 Friendly St, Eugene, OR 97405, USA"
"Refinery Dispensary","14589","050-1003834AEE9","68","8% (+5)","under $250k","2707 NE Broadway, Portland, OR 97232, USA"
"Good Life Collective","10135","050-1017483E9A8","67","8% (+5)","under $250k","193 Marine Dr, Astoria, OR 97103, USA"
"The Medication Station - Newport","10291","050-10025655A62","874","1% (+6)","$250k-$500k","454 SW Coast Hwy, Newport, OR 97365, USA"
"Nectar - Mississippi","12809","050-1003305612E","630","1% (+6)","under $250k","4125 N Mississippi Ave, Portland, OR 97217, USA"
"Broadway Cannabis Market - SW Clay","masterauto1745022072689","050-11726","506","1% (+6)","under $250k","1016 SW Clay St, Portland, OR 97201, USA"
"Green Cross Cannabis Emporium","masterauto1621985030020","050-10054892BF2","440","1% (+6)","under $250k","1695 Center St NE, Salem, OR 97301, USA"
"Three Kings Organics","12062","050-10039622D6B","382","2% (+6)","under $250k","224 Terminal Ave A, The Dalles, OR 97058, USA"
"Western Oregon - Beaverton","masterauto1666030582553","Unspecified","360","2% (+6)","under $250k","19665 SW Tualatin Valley Hwy Suite A, Beaverton, OR 97006, USA"
"The Belmont Collective","12427","050-1000942FDE4","322","2% (+6)","under $250k","2036 SE Belmont St, Portland, OR 97214, USA"
"Phresh Cannabis","9722","050-1003982A725","191","3% (+6)","under $250k","2743 19th Ave, Forest Grove, OR 97116, USA"
"Grasslands Dispensary","14439","050-1005305255D","174","4% (+6)","under $250k","154 Lawrence St, Eugene, OR 97401, USA"
"Treasure Valley Cannabis Company","13700","050-1014181B573","330","2% (+7)","$250k-$500k","560 SE 12th Ave, Ontario, OR 97914, USA"
"Oregon Bud Company - Clackamas","14306","050-10006476DA7","83","9% (+7)","under $250k","16631 SE 82nd Dr, Clackamas, OR 97015, USA"
"Oregon Bud Company - Cesar Chavez Portland","18028","050-101157106FA","57","14% (+7)","under $250k","4511 SE Cesar Estrada Chavez Blvd, Portland, OR 97202, USA"
"Smooth Roots - Lincoln City","masterauto1625060903569","050-10162945466","888","1% (+8)","under $250k","325 SE Hwy 101, Lincoln City, OR 97367, USA"
"Northwest Cannabis","masterauto1642511439658","1016504DD9E","662","1% (+8)","$500k-$750k","17937 SW McEwan Rd, Tualatin, OR 97224, USA"
"Nectar - 122nd and Holladay","15097","050-1011298F0B2","652","1% (+8)","under $250k","1019 NE 122nd Ave, Portland, OR 97230, USA"
"Redbarn Dispensary - Myrtle Creek","14165","050 1004542CDD8","624","1% (+8)","$250k-$500k","1069 N Old Pacific Hwy, Myrtle Creek, OR 97457, USA"
"Broadway Cannabis Market - SW Pearl","masterauto1677617857757","050-10158286B2C","502","2% (+8)","under $250k","219 SW Broadway, Portland, OR 97205, USA"
"Herbal Choices - Reedsport","15166","050-10111819607","384","2% (+8)","under $250k","1891 Winchester Ave, Reedsport, OR 97467, USA"
"Chronix Dispensary - Portland","masterauto1691169248744","050 1017648E8FD","352","2% (+8)","under $250k","933 Northeast 82nd Ave, Portland, Oregon, USA"
"Stone Age Farmacy PDX","10278","050 1000292877D","300","3% (+8)","under $250k","8621 SW Canyon Dr, Portland, OR 97225, USA"
"West Salem Cannabis","13001","050-10009873CDF","288","3% (+8)","under $250k","2625 Salem Dallas Hwy NW, Salem, OR 97304, USA"
"Oregon's Green Rush","14354","050-10004429B31","208","4% (+8)","under $250k","2644 River Rd, Eugene, OR 97404, USA"
"Oasis Cannabis - Seaside","13177","050-1004580125D","122","7% (+8)","under $250k","1111 S Holladay Dr, Seaside, OR 97138, USA"
"Attis Trading Company - Tillamook","10215","050-1005162BFD5","84","11% (+8)","under $250k","1830 Goodspeed Rd N, Tillamook, OR 97141, USA"
"The Herbal Connection - OR","13641","Unspecified","664","1% (+9)","under $250k","463 River Ave, Eugene, OR 97404, USA"
"The Green Planet - Milwaukie","12465","050-1002483A9C1","411","2% (+9)","under $250k","15080 SE McLoughlin Blvd #2825, Oak Grove, OR 97267, USA"
"Electric Lettuce - Lloyd District","12372","0501001702682A","241","4% (+9)","under $250k","203 NE WEIDLER ST, Portland, Oregon, USA"
"Electric Lettuce - Alberta","14519","0501013239D34B","224","4% (+9)","under $250k","1313 NE Alberta St, Portland, OR 97211, USA"
"Portland Best Buds","11463","050-10015902FDC","205","5% (+9)","under $250k","6313 N Lombard St UNIT B, Portland, OR 97203, USA"
"Rogue Valley Cannabis - Medford","13840","050-1008483E7CB","198","5% (+9)","under $250k","2060 W Main St, Medford, OR 97501, USA"
"Chalice Farms - Airport","9734","050-10086554F25","764","1% (+10)","under $250k","13315 NE Airport Way STE 700, Portland, OR 97230, USA"
"Chalice Farms - Downtown","15394","050-10086554F25","698","1% (+10)","under $250k","823 SW Naito Pkwy, Portland, Oregon, USA"
"Nectar - Beaverton Hillsdale Hwy","masterauto1640902997483","050-10126352F60","662","2% (+10)","under $250k","10477 SW Beaverton Hillsdale Hwy, Beaverton, OR 97005, USA"
"Tokyo Starfish - Box Factory","13548","050-1000360C340","362","3% (+10)","under $250k","542 NW Arizona Ave, Bend, OR 97703, USA"
"Weedology","10935","050-101385551D0","353","3% (+10)","$750k-$1M","591 E IDAHO AVE, Ontario, Oregon, USA"
"The New Amsterdam - Lakeview","11803","050-10085813943","304","3% (+10)","under $250k","15 N F St, Lakeview, OR 97630, USA"
"Electric Lettuce - Tigard","9881","050-1000390AC5A","277","4% (+10)","under $250k","11642 SW Pacific Hwy #100, Tigard, OR 97223, USA"
"Apothca - Eugene","18344","050-10028857D5D","242","4% (+10)","under $250k","1205 Alder St, Eugene, OR 97401, USA"
"La Mota - Gold Beach","16731","050-10079307113","87","13% (+10)","under $250k","29844 Ellensburg Ave, Gold Beach, OR 97444, USA"
"Attis Trading Company - Lincoln City","11874","050-100515855E1","64","19% (+10)","under $250k","3026 NE Hwy 101 #1, Lincoln City, OR 97367, USA"
"Portland Dispensary - Weed Land","16824","050-1015918D2F6","1471","1% (+11)","under $250k","4027 N Interstate Ave, Portland, OR 97227, USA"
"Oregon Coast Dispensary","10793","050-1003171DF64","186","6% (+11)","under $250k","861 NW Beach Dr, Newport, OR 97365, USA"
"Flowr of Lyfe","11157","050-10027689736","178","7% (+11)","under $250k","114 W Broadway, Eugene, OR 97401, USA"
"Nectar - Woodstock","11894","Unspecified","586","2% (+12)","under $250k","9222 SE Woodstock Blvd, Portland, OR 97266, USA"
"Cannabis Nation - SunRiver","12541","050-10050484E34","554","2% (+12)","under $250k","56789 Lunar Dr, Sunriver, OR 97707, USA"
"Hotbox Dispensary - Portland","13168","1004610DCA2","436","3% (+12)","under $250k","5103 NE Fremont St, Portland, OR 97213, USA"
"Mr. Nice Guy - Bend","11249","050-10135587382","306","4% (+12)","under $250k","224 SE DAVIS AVE, Bend, Oregon, USA"
"Electric Lettuce - Beaverton","14269","050-1009489D6FC","276","5% (+12)","under $250k","6950 SW 105TH AVE Ste 110, Beaverton, Oregon, USA"
"OG Collective Dispensary - Cross","masterauto1641400791173","050-100157201FF","256","5% (+12)","under $250k","1255 Cross St SE #150, Salem, OR 97302, USA"
"The Green Planet - Canby","19015","050-1002483A9C1","419","3% (+13)","under $250k","25496 S Hwy 99 E, Aurora, OR 97002, USA"
"Cannabis Nation - Oregon City","9793","050-10081041764","369","4% (+13)","under $250k","1128 Main St, Oregon City, OR 97045, USA"
"New Millennium","11147","505-1004297C917","252","5% (+13)","under $250k","2893 Oak St, Eugene, OR 97405, USA"
"Broadway Cannabis Market - Beaverton","masterauto1622320280182","050-1016124DFA1","552","3% (+14)","under $250k","9952 SW Beaverton Hillsdale Hwy, Beaverton, OR 97005, USA"
"Shango - Harold","13090","050 10034516B89","182","8% (+14)","under $250k","8056 SE Harold St, Portland, OR 97206, USA"
"FX420 Recreational Dispensary","13200","050-1008712E87C","243","7% (+15)","$250k-$500k","161 NE Garden Valley Blvd Suite 105, Roseburg, OR 97470, USA"
"Sweet Tree Farms","11911","050-10042166E81","978","2% (+16)","$500k-$750k","4097 W 11th Ave, Eugene, OR 97402, USA"
"Lovebuzz - Broadway
","15341","050-10142963DF4","596","3% (+16)","under $250k","6802 NE Broadway, Portland, OR 97213, USA"
"Elevation 2150","masterauto1625664486420","050-100569155C6","498","3% (+16)","under $250k","2876 SW 4th Ave Suite 1, Ontario, OR 97914, USA"
"Rogue Valley Cannabis - Central Point","10276","050-10051449C85","332","5% (+16)","under $250k","6388 Crater Lake Ave, Central Point, OR 97502, USA"
"Western Oregon Dispensary - Lake Oswego","masterauto1748629729732","050-1014405321C","332","5% (+16)","N/A","17750 Lower Boones Ferry Rd, Lake Oswego, OR 97035, USA"
"Track Town Collective","15160","050-100427434E1","302","6% (+16)","under $250k","3675 Franklin Blvd, Eugene, OR 97403, USA"
"Tumbleweed Cannabis Co","17774","050-10051014E88","183","10% (+16)","under $250k","North 310, US-20, Hines, OR 97738, USA"
"Treestar","10460","020 100706617D5","570","3% (+18)","$250k-$500k","1385 Industrial Ave Suite 1, Woodburn, OR 97071, USA"
"Redbarn Dispensary - Myrtle Point","16812","050 1012469940D","540","3% (+18)","under $250k","1107 Maryland Ave, Myrtle Point, OR 97458, USA"
"DiamondTree - Eastside - Bend","10552","050-10000590807","530","4% (+18)","under $250k","2715 US-20, Bend, OR 97701, USA"
"Western Oregon Dispensary - Cedar Mill","11634","Unspecified","340","6% (+18)","under $250k","760 NW Dale Ave, Portland, OR 97229, USA"
"The Flower Room - Tumalo","masterauto1696605661572","Unspecified","312","6% (+18)","under $250k","64619 US-20, Bend, OR 97703, USA"
"Oasis Cannabis - Monmouth","12140","050-1006107BBE8","251","8% (+18)","under $250k","221 Main St E, Monmouth, OR 97361, USA"
"Home Grown Apothecary","16010","050-101554369CB","122","18% (+19)","under $250k","1937 Northeast Pacific Street, Portland, OR 97232, USA"
"Trees Dispensary - SW Corbett Portland","14125","050-1011165272A","78","32% (+19)","under $250k","3607 S Corbett Ave, Portland, OR 97239, USA"
"High Lakes Cannabis Co - Maywood Dr","masterauto1641837539629","050-1014111B782","554","4% (+20)","$250k-$500k","2820 Maywood Dr, Klamath Falls, OR 97601, USA"
"Floyd's Fine Cannabis - Division St.","masterauto1647560419821","050-10169465DE0","372","6% (+20)","under $250k","10561 SE Division St, Portland, OR 97216, USA"
"The Green Planet - Powell","masterauto1629305275722","050-1011548412A","421","5% (+21)","under $250k","17332 SE Powell Blvd, Portland, OR 97236, USA"
"High Quality","12518","050-100427322D0","303","7% (+21)","$250k-$500k","1435 NW 9th St Unit 110, Corvallis, OR 97330, USA"
"WeedAgain - Eugene","17634","050 10107199453","246","9% (+21)","under $250k","86784 Franklin Blvd A, Eugene, OR 97405, USA"
"New Leaf - Midtown","14235","050-100028766B5","212","12% (+22)","under $250k","2215 NE Evans St, McMinnville, OR 97128, USA"
"AmeriCanna Rx","13758","050-1003040668A","365","7% (+23)","$250k-$500k","8654 NE Sandy Blvd, Portland, OR 97220, USA"
"Belushi's Animal House Cannabis Dispensary","11578","050-1004152E8C9","670","4% (+24)","under $250k","588 E 11TH AVE, Eugene, Oregon, USA"
"SpaceBuds The Dispensary","10710","050-100580873A9","590","4% (+24)","under $250k","741 Lincoln St, Eugene, OR 97401, USA"
"The Green Planet - Newberg","masterauto1740786795390","050-10158479E34","468","5% (+24)","N/A","301 W 1st St, Newberg, OR 97132, USA"
"Herbal Choices - North Bend","13899","050-101188454E0","368","7% (+24)","under $250k","1845 N, Sherman Ave, North Bend, OR 97459, USA"
"WeedAgain - Fairgrounds","18825","050 1011660580D","285","9% (+24)","under $250k","2390 Fairgrounds Rd NE, Salem, OR 97301, USA"
"Nectar - Beaverton Regatta","12254","050-10087509BD5","786","3% (+26)","$250k-$500k","15930 SW Regatta Ln, Beaverton, OR 97006, USA"
"Blue Dream Cannabis and Vintage - Portland","masterauto1655819591648","050-1018267C84D","304","9% (+26)","under $250k","1436 SE Powell Blvd Frontage Rd, Portland, OR 97202, USA"
"SkunkRx","11033","050 10050652956","132","25% (+26)","under $250k","8979 Rogue River Hwy, Grants Pass, OR 97527, USA"
"Smooth Roots Cannabis","11432","050-1015469C6E0","794","4% (+28)","$250k-$500k","1500 SW Baker St, McMinnville, OR 97128, USA"
"Nectar - Milwaukie McLoughlin","11602","050-10109253AEE","646","5% (+28)","under $250k","13800 SE McLoughlin Blvd, Milwaukie, OR 97222, USA"
"Next Level Wellness","15009","050 1000788C835","330","9% (+28)","under $250k","2837 Willamette St A, Eugene, OR 97405, USA"
"Cannabend","15026","050-10027156F6D","322","10% (+28)","under $250k","3312 N Hwy 97, Bend, OR 97703, USA"
"Emerald City Medicinal","13773","050-10002659379","167","20% (+28)","under $250k","1474 W 6th Ave, Eugene, OR 97402, USA"
"CannaKing Marijuana Dispensaries","10798","050 100366249CB","143","24% (+28)","under $250k","1449 NW Mulholland Dr, Roseburg, OR 97470, USA"
"Elevate Northwest","masterauto1655828737476","5010191166307","128","28% (+28)","under $250k","3700 River Rd N, Suite 9, Keizer, Oregon, USA"
"Kaleafa Cannabis Company - Ashland","14449","050-10075721DCC","346","9% (+29)","under $250k","1253 Siskiyou Blvd, Ashland, OR 97520, USA"
"Jenny's Dispensary - Bend","11670","050-10044623308","335","9% (+29)","under $250k","932 NE 3rd St #1, Bend, OR 97701, USA"
"Breeze Botanicals - Ashland","12431","050-10001271938","1252","2% (+30)","under $250k","1526 Siskiyou Blvd, Ashland, OR 97520, USA"
"The Green Planet - Aloha","masterauto1688400101485","050-10137563D3B","802","4% (+30)","under $250k","21600 SW Tualatin Valley Hwy, Beaverton, OR 97006, USA"
"Nectar - Tigard Bull Mountain","masterauto1656006720297","050-1016773ED2A","672","5% (+30)","under $250k","11300 SW Bull Mountain Rd, Tigard, OR 97224, USA"
"HD Botanicals","15619","050-10061656460","370","9% (+30)","under $250k","51366 US-97, La Pine, OR 97739, USA"
"Herbal Choices - Bandon","10167","050-100977881FD","354","9% (+30)","under $250k","50375 US-101, Bandon, OR 97411, USA"
"Substance - Springfield OR","masterauto1690571234110","050-10165853E96","1406","2% (+32)","under $250k","2329 Olympic St, Springfield, OR 97477, USA"
"Substance - Empire","9701","050-1004487C310","1282","3% (+32)","$500k-$750k","20365 Empire Ave Ste 140, Bend, OR 97703, USA"
"High Desert Cannabis","9950","050-1006029FA55","538","6% (+32)","$250k-$500k","341 SW 20th St, Pendleton, OR 97801, USA"
"Five Zero Trees - Oregon City","13726","0501008759BD28","430","8% (+32)","under $250k","719 MAIN ST, Oregon City, Oregon, USA"
"Nectar - Barbur","10980","050-1003305612E","668","5% (+34)","under $250k","10931 SW 53rd Ave, Portland, OR 97219, USA"
"Today's Herbal Choice - Rainier","12720","1004252574B","426","9% (+34)","under $250k","75936 Rock Crest St, Rainier, OR 97048, USA"
"Red Eye - Ontario","masterauto1690581212805","050-1016408A189","370","10% (+35)","under $250k","833 SW 30th St, Ontario, OR 97914, USA"
"High Supply","masterauto1668106519772","050-1016410334A","688","6% (+36)","under $250k","482 NE 3rd St, Ontario, OR 97914, USA"
"Green Cross Cannabis Emporium - Bend","masterauto1619129121452","050-10121623400","498","8% (+36)","under $250k","341 SW Century Dr, Bend, OR 97702, USA"
"Blazen Cannabis","15232","050-10097447A5F","119","43% (+36)","under $250k","800 US-20, Hines, OR 97738, USA"
"Nectar - Eugene River","15076","050-1009286BD03","638","6% (+38)","under $250k","340 River Rd, Eugene, OR 97404, USA"
"Farm Grass Table","11116","050-1004661768A","334","13% (+38)","under $250k","4140 WCLIFF DR, Hood River, Oregon, USA"
"Tj's on Powell","13997","050 10146522DCF","290","15% (+38)","under $250k","7827 SE Powell Blvd, Portland, OR 97206, USA"
"A Better Way Medicinal Alternatives LLC","11957","050-10140009965","371","12% (+41)","under $250k","3255 Washburn Way Suite 4, Klamath Falls, OR 97603, USA"
"Smooth Roots - Astoria","masterauto1654534195598","050-10183318D9E","1060","4% (+42)","under $250k","491 W Marine Dr, Astoria, OR 97103, USA"
"Emerald Triangle - Table Rock","masterauto1670358861921","Unspecified","962","5% (+42)","under $250k","5022 Table Rock Rd Central Point, Central Point, Oregon, USA"
"Mood Fine Cannabis","14541","050-1003141C1C9","68","209% (+46)","under $250k","40 RIVER LOOP RD #2, STE B, Eugene, Oregon, USA"
"The Green Planet - Lake Oswego","masterauto1699653861335","050-1014408AB28","836","6% (+48)","under $250k","15171 Bangy Rd, Lake Oswego, OR 97035, USA"
"Potland","masterauto1619131711601","050-10113847600","750","7% (+48)","under $250k","1761 NE Dekum St, Portland, OR 97211, USA"
"House of Hash","21000","050-1012526D914","506","10% (+48)","under $250k","51456 US-97 #3, La Pine, OR 97739, USA"
"Substance - Southside","11858","050-1009165329F","1276","4% (+50)","$250k-$500k","61406 S Hwy 97, Bend, OR 97702, USA"
"West Coast Organics","10245","050-1005050D2DA","530","10% (+50)","under $250k","855 Railroad St, Brookings, OR 97415, USA"
"Top Crop - Corvallis","16147","050 1004475152E","502","11% (+50)","under $250k","1945 NW 9th St, Corvallis, OR 97330, USA"
"Emerald Triangle - McAndrews","masterauto1675965895491","Unspecified","860","6% (+52)","under $250k","1818 E McAndrews Rd, Medford, OR 97504, USA"
"Green Lion - St. Helens","13517","050-1005553BACC","538","11% (+52)","under $250k","365 S Columbia River Hwy, St Helens, OR 97051, USA"
"The Arboretum - Florence","11240","050-1007718656B","502","12% (+52)","under $250k","1541 US-101, Florence, OR 97439, USA"
"Bloominati Cannabis","13184","050-101408643F8","280","23% (+52)","under $250k","240 SW Washington Ave, Corvallis, OR 97333, USA"
"Nectar - Grants Pass","masterauto1646414149944","050-101796000AF","712","9% (+56)","under $250k","162 NE Beacon Dr Suite 105, Grants Pass, OR 97526, USA"
"WeedAgain - North Bend","masterauto1721229794353","050-10237673BCC","632","10% (+56)","under $250k","2674 Broadway Ave, North Bend, OR 97459, USA"
"Smiles Cannabis","masterauto1629814002759","050-101648406F4","330","21% (+58)","under $250k","655 NE Chestnut Ave, Roseburg, OR 97470, USA"
"Vibe - Amberlight - Portland","17420","050-1014138FB3D","240","32% (+58)","under $250k","2407 SE 49th Ave, Portland, OR 97206, USA"
"Klamath Falls Cannabis","masterauto1675970439613","050-10160727FB1","872","10% (+82)","$250k-$500k","2972 S 6th St C, Klamath Falls, OR 97603, USA"
"Mint Cannabis Company","masterauto1657581238943","050-10221550293","576","17% (+84)","$250k-$500k","625 SW 10th Ave, Portland, OR 97205, USA"
"SWED.CO","18567","050 1004330B65D","540","22% (+96)","$250k-$500k","2058 NW Burnside Rd, Gresham, OR 97030, USA"
"Five Zero Trees - Astoria","10804","050101405144D4","118","N/A (+118)","under $250k","1169 COMMERCIAL ST, Astoria, Oregon, USA"
"Kingston’s Cannabis Dispensary","masterauto1656100627631","050-1022344EC85","180","N/A (+180)","under $250k","2366 Ashland St, Ashland, OR 97520, USA"